course_link,course_name,Description_1,Description_2
https://in.udacity.com/course/vr-foundations-nanodegree--nd105,VR Foundations,LEARN THE BASICS OF VR WITH UNITY,"Learn the Unity game engine, C#, and Google Cardboard, and gain foundational VR knowledge and skills."
https://in.udacity.com/course/vr-mobile-360-nanodegree--nd106,VR Mobile 360,BECOME A VR DEVELOPER WITH MOBILE 360,"Combine a specific focus on Mobile 360 Media with learning core Unity game engine and C# skills, and advance your VR expertise."
https://in.udacity.com/course/vr-high-immersion-nanodegree--nd107,VR High-Immersion,BECOME A VR DEVELOPER WITH HIGH IMMERSION,"Learn the Unity game engine, C#, and High-Immersion to master VR Development."
https://in.udacity.com/course/google-analytics-nanodegree--nd253,Google Analytics,DEVELOP GOOGLE ANALYTICS EXPERTISE,"Through world-class instruction and hands-on training, gain in-depth knowledge of the leading web analytics tool. Learn to build dashboards, understand user behavior, evaluate campaigns, and drive growth."
https://in.udacity.com/course/ai-for-trading--nd880,Artificial Intelligence For Trading,NA,"Complete real-world projects designed by industry experts, covering topics from asset management to trading signal generation. Master AI algorithms for trading, and build your career-ready portfolio."
https://in.udacity.com/course/python-foundation-nanodegree--nd002-inpy,Python Foundation,NA,"Learn how to program in Python and get ready for a career in data science, machine learning, deep learning, and artificial intelligence."
https://in.udacity.com/course/data-analyst-nanodegree--nd002,Data Analyst,NA,"Use Python, SQL, and statistics to uncover insights, communicate critical findings, and create data-driven solutions"
https://in.udacity.com/course/machine-learning-engineer-nanodegree--nd009-infn,Machine Learning Foundation,NA,"Udacity's Machine Learning Foundation Nanodegree is your first step towards careers in Data Analysis, Data Science, Machine Learning, AI, and more! This Nanodegree helps you learn Python and Statistics. It consists of 4 projects and is perfect for beginners in the field of data."
https://in.udacity.com/course/ai-programming-python-nanodegree--nd089,Learn all the essentials for AI programming with Python,NA,"Learn Python, NumPy, Pandas, Matplotlib, PyTorch, Calculus, and Linear Algebra—the foundations for building your own neural network."
https://in.udacity.com/course/android-developer-nanodegree-by-google--nd801,Learn all the essentials for AI programming with Python,NA,"Start your career as an Android developer. Learn best practices for mobile development, build a portfolio of apps, and publish your own app to Google Play."
https://in.udacity.com/course/full-stack-web-developer-nanodegree--nd004,Android Developer,NA,"In this program, you’ll prepare for a job as a Full Stack Web Developer, and learn to create complex server-side web applications that use powerful relational databases to persistently store data."
https://in.udacity.com/course/data-scientist-nanodegree--nd025,Full Stack Web Developer,NA,"Build effective machine learning models, run data pipelines, build recommendation systems, and deploy solutions to the cloud with industry-aligned projects."
https://in.udacity.com/course/android-basics-nanodegree-by-google--nd803,Data Scientist,NA,No programming experience? No Problem! Start developing Android apps today.
https://in.udacity.com/course/java-foundation-nanodegree--nd301-injava,Android Basics by Google,NA,Learn to code in Java from scratch
https://in.udacity.com/course/ai-artificial-intelligence-nanodegree--nd898,Android Basics by Google,NA,"Learn essential Artificial Intelligence concepts from AI experts like Peter Norvig and Sebastian Thrun, including search, optimization, planning, pattern recognition, and more."
https://in.udacity.com/course/iot-software-foundation-nanodegree--nd501-iniot,Java Foundation,NA,"Build the future of smart living.Learn how to independently design, code, and build IOT products."
https://in.udacity.com/course/front-end-web-developer-nanodegree--nd001,Java Foundation,NA,"In the Front End Developer Nanodegree program, you will complete five projects and build a resume-worthy portfolio."
https://in.udacity.com/course/big-data-foundation--nd100-inbig,Artificial Intelligence,NA,"Learn the basics of Hadoop, deploy Hadoop cluster and practice MapReduce"
https://in.udacity.com/course/intro-to-programming-nanodegree--nd000,IoT Software Foundation,NA,"Udacity's Intro to Programming is your first step towards careers in Web and App Development, Machine Learning, Data Science, AI, and more! This program is perfect for beginners."
https://in.udacity.com/course/digital-marketing-nanodegree--nd018,Become a Front End Developer,NA,Gain real-world experience running live campaigns as you learn from top experts in the field. Launch your career with a 360-degree understanding of digital marketing.
https://in.udacity.com/course/robotics-software-engineer--nd209,Big Data Foundation,NA,"Build five hands-on projects to acquire core robotics software engineering skills: ROS, Gazebo, Localization, Mapping, SLAM, Navigation, and Path Planning."
https://in.udacity.com/course/computer-vision-nanodegree--nd891,Learn to Code,NA,"Master the computer vision skills behind advances in robotics and automation. Write programs to analyze images, implement feature extraction, and recognize objects using deep learning models."
https://in.udacity.com/course/intro-to-self-driving-car-nanodegree--nd113,Learn to Code,YOUR SELF-DRIVING CAR FUTURE STARTS HERE!,"Self-driving cars are the future of smart transportation, and this introductory program is the perfect way to start your journey."
https://in.udacity.com/course/predictive-analytics-for-business-nanodegree--nd008,Digital Marketing,NA,Learn to apply predictive analytics and business intelligence to solve real-world business problems
https://in.udacity.com/course/react-nanodegree--nd019,Robotics Software Engineer,NA,React is completely transforming Front-End Development. Master this powerful UI library from Facebook with Udacity.
https://in.udacity.com/course/self-driving-car-engineer-nanodegree--nd013,Become a Computer Vision Expert,NA,"Self-driving cars are set to revolutionize the way we live. This is transformational technology, on the cutting-edge of robotics, machine learning, software engineering, and mechanical engineering."
https://in.udacity.com/course/natural-language-processing-nanodegree--nd892,Become a Computer Vision Expert,NA,"Master the skills to get computers to understand, process, and manipulate human language. Build models on real data, and get hands-on experience with sentiment analysis, machine translation, and more."
https://in.udacity.com/course/ios-developer-nanodegree--nd003,Intro to Self-Driving Cars Nanodegree,NA,"Master the Swift programming language, and create a portfolio of iOS apps for iPhone and iPad to showcase your skills!"
https://in.udacity.com/course/flying-car-nanodegree--nd787,Predictive Analytics for Business,NA,Master autonomous flight software engineering skills as you build your career in flying cars and drone robotics.
https://in.udacity.com/course/mobile-web-specialist-nanodegree--nd024,Predictive Analytics for Business,NA,Prepare for Google's Mobile Web Specialist certification with courses from Google
https://in.udacity.com/course/machine-learning-engineer-nanodegree--nd009t,Become a Professional React Developer,NA,"In this program you will master Supervised, Unsupervised, Reinforcement, and Deep Learning fundamentals. You will also complete a capstone project in your chosen domain."
https://in.udacity.com/course/google-ads-nanodegree--nd124,Become a Professional React Developer,NA,"In this program, you’ll gain a 360-degree understanding of the new Google Ads as you run live campaigns with real budgets. Topics include: Search, Display, Video, App Advertising, and more."
https://in.udacity.com/course/deep-learning-nanodegree--nd101,Self Driving Car Engineer,NA,Deep learning is driving advances in artificial intelligence that are changing our world. Enroll now to build and apply your own deep neural networks to produce amazing solutions to important challenges.
https://in.udacity.com/course/blockchain-developer-nanodegree--nd1309,Advance Your Career as a Natural Language Processing Expert,NA,"Demand for blockchain developers is skyrocketing. In this program, you'll work with the Bitcoin and Ethereum protocols, build projects for real-world application, and gain the essential skills for a career in this dynamic space."
https://in.udacity.com/course/design-sprint-foundations--nd201,Advance Your Career as a Natural Language Processing Expert,LEARN DESIGN SPRINT,"Learn to use the Design Sprint process to test ideas, leverage opportunities, and power innovation. With expert instruction and hands-on training, you’ll become an exceptional problem-solver."
https://in.udacity.com/course/deep-reinforcement-learning-nanodegree--nd893,Become an iOS Developer,NA,Master the deep reinforcement learning skills that are powering amazing advances in AI. Then start applying these to applications like video games and robotics.
https://in.udacity.com/course/self-driving-car-fundamentals-featuring-apollo--ud0419,Flying Car and Autonomous Flight Engineer Nanodegree,NA,"Through this course, you will be able to identify key parts of self-driving cars and get to know Apollo architecture. You will be able to utilize Apollo HD Map, localization, perception, prediction, planning and control, and start the learning path of building a self-driving car."
https://in.udacity.com/course/new-android-fundamentals--ud851,Become a Mobile Web Specialist,NA,"As the first course in the Android Developer Nanodegree, Developing Android Apps is the foundation of our advanced Android curriculum. This course blends theory and practice to help you build great apps the right way. In this course, you'll work with instructors step-by-step to build a cloud-connected Android app, and learn best practices of mobile development, and Android development in particular."
https://in.udacity.com/course/android-basics-user-interface--ud834-india,Become a Mobile Web Specialist,NA,"Want to learn Android programming basics, but don’t know where to start? In this Nanodegree program, we’ll show you the way. We developed this curriculum with Google for true beginners interested in developing apps for the next billion Android users!"
https://in.udacity.com/course/intro-to-computer-science--udcs101-india,Machine Learning Engineer,NA,"By taking this program, you will get up to speed on the top programming tools and languages used by data scientists today. These skills will allow you to manipulate large datasets, perform version control, and access modern databases. This course is perfect for getting started on a data science career, or for experienced analysts who want to ramp up on these in-demand tools."
https://in.udacity.com/course/refresh-your-resume--ud243,Become a Google Ads expert,NA,"Your resume is the first step in the job search. Through this course, you will identify the companies you want to work for, and showcase your key achievements to align with their roles. With our proven industry framework, you will build a tech-focused resume that will help you get noticed and land the interview."
https://in.udacity.com/course/deep-learning--ud730-india,Become a Google Ads expert,Stand out and land a technical interview,"In this program, you’ll cover topics like Keras and TensorFlow, convolutional and recurrent networks, deep reinforcement learning, and GANs. You'll learn from authorities such as Sebastian Thrun, Ian Goodfellow, and Andrew Trask, and enjoy access to Experts-in-Residence from OpenAI, GoogleBrain, DeepMind, and more. This is the ideal point-of-entry into the field of AI."
https://in.udacity.com/course/intro-to-javascript--ud803-india,Deep Learning,NA,"In this program, you’ll prepare for a job as a Full Stack Web Developer, and learn to create complex server-side web applications that use powerful relational databases to persistently store data. You’ll build applications that can support any front end, and scale to support hundreds of thousands of users."
https://in.udacity.com/course/data-structures-and-algorithms-in-swift--ud1011,Become a Blockchain Developer,NA,"Technical interviews follow a pattern. If you know the pattern, you’ll be a step ahead of the competition. This course will introduce you to common data structures and algorithms in Swift. You'll review frequently-asked technical interview questions and learn how to structure your responses."
https://in.udacity.com/course/intro-to-machine-learning--ud120-india,Become a Blockchain Developer,NA,"In this program, you’ll master valuable machine learning skills that are in demand across countless industries. Investment levels in this space continue to rise, thousands of highly-valued startups have entered the field, and demand for machine learning talent shows no signs of leveling. Program graduates emerge uniquely prepared to excel in machine learning roles."
https://in.udacity.com/course/intro-to-html-and-css--ud001-india,Design Sprint Foundations,NA,"Demand for front end developers is widespread across every industry and continues to rise. By mastering the valuable skills taught in this program, you’ll be prepared for roles at a wide array of companies, from startups to global organizations. The projects you’ll build, and the portfolio you’ll develop, will provide ample evidence of your expertise."
https://in.udacity.com/course/java-programming-basics--ud282,Deep Reinforcement Learning,NA,"Taking this course will provide you with a basic foundation in Java syntax, which is the first step towards becoming a successful Java developer. You’ll learn how computers make decisions and how Java keeps track of information through variables and data types. You’ll learn to create conditional statements, functions, and loops to process information and solve problems. You’ll even learn to use IntelliJ, a Java IDE (Integrated Development Environment) that professional developers use, to build, compile, and debug your code. These are foundational programming skills, and mastering them is a must for all aspiring programmers. This course is the first in our Java Programming course series. After you complete this course, you'll be ready to take Object Oriented Programming in Java."
https://in.udacity.com/course/strengthen-your-linkedin-network-and-brand--ud242,Self-Driving Fundamentals: Featuring Apollo,NA,"Networking is an essential job search skill. In this course, you'll learn strategies and tactics for effective networking. You'll learn to make personal connections in-person and online. You'll discover how to establish rapport with recruiters, employers, and industry professionals. You'll learn how to craft a professional narrative and elevator pitch. You'll get tips to optimize your LinkedIn profile and write emails that get replies. We give you the confidence you need to make personal connections and improve your job search."
https://in.udacity.com/course/how-to-use-git-and-github--ud775-india,Developing Android Apps,NA,"In this program, you’ll prepare for a job as a Full Stack Web Developer, and learn to create complex server-side web applications that use powerful relational databases to persistently store data. You’ll build applications that can support any front end, and scale to support hundreds of thousands of users."
https://in.udacity.com/course/programming-foundations-with-python--ud036,Android Basics: User Interface,Get noticed and connect with anyone,"In this introductory programming class, you’ll learn Object-Oriented Programming, a must-have technique for software engineers that will allow you to reuse and share code easily. You’ll learn by doing, and will build byte-sized (ha!) mini projects in each lesson to learn and practice programming concepts."
https://in.udacity.com/course/intro-to-artificial-intelligence--cs271,Intro to Computer Science,NA,"Artificial Intelligence (AI) is a field that has a long history but is still constantly and actively growing and changing. In this course, you’ll learn the basics of modern AI as well as some of the representative applications of AI. Along the way, we also hope to excite you about the numerous applications and huge possibilities in the field of AI, which continues to expand human capability beyond our imagination."
https://in.udacity.com/course/craft-your-cover-letter--ud244,Refresh Your Resume,NA,"Introduce yourself with a memorable cover letter. In this short course, you'll use proven writing techniques to show why you are the best person for the job. You’ll learn how to research company values, target your pitch, and craft an authentic story that connects with their mission. We give you the research and writing tools you need to show why you're the best person for the job!"
https://in.udacity.com/course/ios-interview-prep--ud240,Refresh Your Resume,NA,"This course is an excellent way to prepare for technical interviews. You’ll experience a mock interview, and review detailed analysis on how to field key industry questions. You’ll review common iOS Developer interview topics ranging from notifications and delegates to the model view controller, and learn best practices for behavioral questions and whiteboard problems. You'll learn how to discuss your interests in iOS development. Senior mobile developers will share their tips for addressing common data issues. When you complete this course, you’ll be ready to showcase your skills during the iOS Developer interview!"
https://in.udacity.com/course/intro-to-descriptive-statistics--ud827-india,Deep Learning,NA,"In this program, you’ll master the skills you need to establish a successful data science career. Our curriculum was developed with leading industry partners to ensure students master the most cutting-edge skills. Demand for qualified employees with advanced data skills has never been higher, and graduates will emerge fully job-ready."
https://in.udacity.com/course/build-native-mobile-apps-with-flutter--ud905,Intro to JavaScript,Showcase your value to the company,"In this course, you'll learn how to use Flutter to quickly develop high-quality, interactive mobile applications for iOS and Android devices. Whether you’re just getting started with mobile app development, or experienced with other mobile app frameworks, you’ll enjoy the high-velocity development and quality apps that Flutter enables."
https://in.udacity.com/course/android-interview-prep--ud241,Data Structures & Algorithms in Swift,NA,"This course is an excellent way to prepare for technical interviews. You’ll experience a mock interview, and review detailed analysis on how to field key industry questions. You’ll work through common Android Developer interview topics ranging from explicit and implicit intents to designing a min stack, and you’ll learn best practices for behavioral questions and whiteboard problems. Upon completing the course, you’ll be ready to showcase your skills during the Android Developer interview!"
https://in.udacity.com/course/intro-to-data-analysis--ud170-india,Intro to Machine Learning,Confidently take on the tech interview,"In this program, you’ll master the skills you need to establish a successful data science career. Our curriculum was developed with leading industry partners to ensure students master the most cutting-edge skills. Demand for qualified employees with advanced data skills has never been higher, and graduates will emerge fully job-ready."
https://in.udacity.com/course/android-basics-user-input--ud836,Intro to HTML and CSS,NA,"Learn the basics of Android and Java programming, and take the first step on your journey to becoming an Android developer!
This course is designed for students who are new to programming, and want to learn how to build Android apps. You don’t need any programming experience to take this course. If you’ve been using a smartphone to surf the web and chat with friends, then you’re our perfect target student!"
https://in.udacity.com/course/how-to-build-a-startup--ep245,Java Programming Basics,NA,"In an introduction to the basics of the famous Customer Development Process, Steve Blank provides insight into the key steps needed to build a successful startup."
https://in.udacity.com/course/vr-interview-prep--ud251,Strengthen Your LinkedIn Network & Brand,NA,"This course is an excellent way to prepare for technical interviews. You’ll experience a mock interview, and review detailed analysis on how to field key industry questions. You'll review common VR Developer interview topics, including 3D graphics and scene optimization. You'll also learn best practices for answering behavioral questions and solving whiteboard problems. Upon completing this course, you’ll be ready to showcase your skills during your VR Developer interview!"
https://in.udacity.com/course/intro-to-statistics--st101,Strengthen Your LinkedIn Network & Brand,Confidently take on the tech interview,"Statistics is about extracting meaning from data. In this class, we will introduce techniques for visualizing relationships in data and systematic techniques for understanding the relationships using mathematics."
https://in.udacity.com/course/optimize-your-github--ud247,How to Use Git and GitHub,NA,"GitHub is the preferred platform for showcasing your programming projects. Some technical recruiters and hiring managers even use GitHub to find candidates. In this course, you'll learn GitHub best practices from technical experts. You'll compare different styles for committing changes, forking repos, and merging pull requests. You'll also understand how to organize your code to showcase your technical projects. And you'll learn how to collaborate with other engineers on GitHub. Technical hiring managers will share GitHub profile tips that generate more job opportunities. Gain the confidence you need to establish your presence in the open source community."
https://in.udacity.com/course/intro-to-data-science--ud359,Programming Foundations with Python,NA,"In this program, you’ll analyze real data and build financial models for trading. Whether you want to pursue a new job in finance, launch yourself on the path to a quant trading career, or master the latest AI applications in quantitative finance, this program offers you the opportunity to master valuable data and AI skills."
https://in.udacity.com/course/advanced-android-app-development--ud855,Intro to Artificial Intelligence,NA,"We built this Nanodegree program in partnership with Google specifically to support aspiring Android Developers. The curriculum is designed to transform those with intermediate skills and a working knowledge of Java development best practices into specialists with the Android platform. Successful completion of the program means a diverse portfolio of projects to show employers, an established credential to affirm your achievements, and your own app on the Google Play Store. If your goal is employment as an Android Developer, this program is exactly what you need to succeed."
https://in.udacity.com/course/data-science-interview-prep--ud944,Craft Your Cover Letter,NA,Data science job interviews can be daunting. Technical interviewers often ask you to design an experiment or model. You may need to solve problems using Python and SQL. You will likely need to show how you connect data skills to business decisions and strategy.
https://in.udacity.com/course/android-basics-multiscreen-apps--ud839,Craft Your Cover Letter,Confidently take on the tech interview,This course is a part of the Android Basics Nanodegree by Google.
https://in.udacity.com/course/full-stack-interview-prep--ud252,iOS Interview Prep,NA,"This course is an excellent way to prepare for technical interviews. You’ll experience a mock interview, and review detailed analysis on how to field key industry questions. You’ll review common Full Stack Web Developer interview topics like palindrome functions and data structures. You’ll also learn best practices for behavioral questions and whiteboard problems. Upon completing this course, you’ll be ready to showcase your skills during your Full Stack Web Developer interview!"
https://in.udacity.com/course/scalable-microservices-with-kubernetes--ud615,iOS Interview Prep,NA,"This course is designed to teach you about managing application containers, using Kubernetes. We've built this course in partnership with experts such as Kelsey Hightower and Carter Morgan from Google and Netflix’s former Cloud Architect, Adrian Cockcroft (current Technology Fellow at Battery Ventures), who provide critical learning throughout the course."
https://in.udacity.com/course/responsive-web-design-fundamentals--ud893,Intro to Descriptive Statistics,Make your work speak for itself,"In this course you'll learn the fundamentals of responsive web design with Google's Pete LePage! You'll create your own responsive web page that works well on any device - phone, tablet, desktop or anything in between."
https://in.udacity.com/course/linux-command-line-basics--ud595,Build Native Mobile Apps with Flutter,NA,We have built this course for beginners who have no experience with the Linux system and the command-line interface.
https://in.udacity.com/course/introduction-to-computer-vision--ud810,Android Interview Prep,NA,"This course provides an introduction to computer vision including fundamentals of image formation, camera imaging geometry, feature detection and matching, multiview geometry including stereo, motion estimation and tracking, and classification. We’ll develop basic methods for applications that include finding known models in images, depth recovery from stereo, camera calibration, image stabilization, automated alignment (e.g. panoramas), tracking, and action recognition. We focus less on the machine learning aspect of CV as that is really classification theory best learned in an ML course."
https://in.udacity.com/course/machine-learning--ud262,Android Interview Prep,NA,"In this program, you’ll analyze real data and build financial models for trading. Whether you want to pursue a new job in finance, launch yourself on the path to a quant trading career, or master the latest AI applications in quantitative finance, this program offers you the opportunity to master valuable data and AI skills."
https://in.udacity.com/course/c-for-programmers--ud210,Intro to Data Analysis,NA,C++ for Programmers is designed for students who are familiar with a programming language and wish to learn C++.
https://in.udacity.com/course/front-end-interview-prep--ud250,Android Basics: User Input,NA,"This course takes you through a mock interview, and offers detailed analysis on how to field key industry questions. Your will review common Front-End Web Developer interview topics ranging from palindrome functions to closures, and learn best practices for behavioral questions and whiteboard problems. Upon completing this course, you’ll be ready to successfully showcase your skills during a Front-End Web Developer interview!"
https://in.udacity.com/course/machine-learning-for-trading--ud501,How to Build a Startup,Confidently take on the tech interview,"This course introduces students to the real world challenges of implementing machine learning based trading strategies including the algorithmic steps from information gathering to market orders. The focus is on how to apply probabilistic machine learning approaches to trading decisions. We consider statistical approaches like linear regression, KNN and regression trees and how to apply them to actual stock trading situations."
https://in.udacity.com/course/intro-to-algorithms--cs215,VR Interview Prep,NA,"Ever played the Kevin Bacon game? This class will show you how it works by giving you an introduction to the design and analysis of algorithms, enabling you to discover how individuals are connected."
https://in.udacity.com/course/android-basics-data-storage--ud845,VR Interview Prep,NA,"Want to learn Android programming basics, but don’t know where to start? In this Nanodegree program, we’ll show you the way. We developed this curriculum with Google for true beginners interested in developing apps for the next billion Android users!"
https://in.udacity.com/course/ux-design-for-mobile-developers--ud849,Intro to Statistics,NA,This course is optimized for the developer who is looking to efficiently learn the most important design techniques that will help them make better apps (with a focus on mobile/Android).
https://in.udacity.com/course/intro-to-inferential-statistics--ud201,Optimize Your GitHub,NA,"In this program, you’ll master the skills you need to establish a successful data science career. Our curriculum was developed with leading industry partners to ensure students master the most cutting-edge skills. Demand for qualified employees with advanced data skills has never been higher, and graduates will emerge fully job-ready."
https://in.udacity.com/course/android-basics-networking--ud843,Optimize Your GitHub,NA,"Want to learn Android programming basics, but don’t know where to start? In this Nanodegree program, we’ll show you the way. We developed this curriculum with Google for true beginners interested in developing apps for the next billion Android users!"
https://in.udacity.com/course/object-oriented-programming-in-java--ud283,Intro to Data Science,NA,"This course will introduce you to some of the most powerful programming concepts in Java, including: objects, inheritance and collections. You will learn how to use these object-oriented programming concepts in code examples, discover how these concepts are used in applications that require user input, and understand the benefits of mastering these concepts in Java."
https://in.udacity.com/course/kotlin-bootcamp-for-programmers--ud9011,Advanced Android App Development,NA,"Learn the essentials of the Kotlin programming language from Kotlin experts at Google. Kotlin is a modern and concise JVM language that supports functional programming paradigms. Whether you’re a Java developer or a programmer in another object-oriented language, this course will teach you the essential language features that has made Kotlin so popular with developers. By the end of this course, you’ll gain the skills you need to build your next project in Kotlin."
https://in.udacity.com/course/data-analysis-with-r--ud651,Data Science Interview Prep,Confidently take on the tech interview,"In this program, you’ll master the skills you need to establish a successful data science career. Our curriculum was developed with leading industry partners to ensure students master the most cutting-edge skills. Demand for qualified employees with advanced data skills has never been higher, and graduates will emerge fully job-ready."
https://in.udacity.com/course/product-design--ud509,Android Basics: Multiscreen Apps,NA,"There is nothing more powerful than an idea whose time has come. This course is designed to help you materialize your game-changing idea and transform it into a product that you can build a business around. Product Design blends theory and practice to teach you product validation, UI/UX practices, Google’s Design Sprint and the process for setting and tracking actionable metrics."
https://in.udacity.com/course/computer-networking--ud436,Full-Stack Interview Prep,NA,"In this program, you’ll prepare for a job as a Full Stack Web Developer, and learn to create complex server-side web applications that use powerful relational databases to persistently store data. You’ll build applications that can support any front end, and scale to support hundreds of thousands of users."
https://in.udacity.com/course/firebase-in-a-weekend-by-google-android--ud0352,Full-Stack Interview Prep,NA,"In this course, you’ll learn how to use Firebase. Firebase is app development platform that provides developers a variety of tools and a scalable infrastructure to build high quality apps."
https://in.udacity.com/course/intro-to-relational-databases--ud197,Scalable Microservices with Kubernetes,NA,"This course is a quick, fun introduction to using a relational database from your code, using examples in Python. You'll learn the basics of SQL (the Structured Query Language) and database design, as well as the Python API for connecting Python code to a database. You'll also learn a bit about protecting your database-backed web apps from common security problems."
https://in.udacity.com/course/reinforcement-learning--ud600,Responsive Web Design Fundamentals,NA,"You should take this course if you have an interest in machine learning and the desire to engage with it from a theoretical perspective. Through a combination of classic papers and more recent work, you will explore automated decision-making from a computer-science perspective. You will examine efficient algorithms, where they exist, for single-agent and multi-agent planning as well as approaches to learning near-optimal decisions from experience. At the end of the course, you will replicate a result from a published paper in reinforcement learning."
https://in.udacity.com/course/version-control-with-git--ud123,Linux Command Line Basics,NA,"This course covers the essentials of using the version control system Git. You'll be able to create a new Git repo, commit changes, and review the commit history of an existing repo. You'll also learn how to keep your commits organized using tags and branches and you'll master the art of merging changes by crushing those pesky merge conflicts. Oh no! Was a mistake made along the way? Learn how to edit commits, revert changes, or even delete commits."
https://in.udacity.com/course/website-performance-optimization--ud884,Introduction to Computer Vision,NA,You will learn how to optimize any website for speed by diving into the details of how mobile and desktop browsers render pages.
https://in.udacity.com/course/intro-to-hadoop-and-mapreduce--ud617,Machine Learning,NA,"The Apache™ Hadoop® project develops open-source software for reliable, scalable, distributed computing. Learn the fundamental principles behind it, and how you can use its power to make sense of your Big Data."
https://in.udacity.com/course/kotlin-for-android-developers--ud888,C++ For Programmers,NA,"In this course, Aaron Sarazan, Lead Software Engineer at Capital One and a leading advocate for Kotlin, demonstrates how to take a basic Android app in Java and convert it to Kotlin, teaching you key features of the Kotlin programming language along the way. This is an efficient, fast-paced introduction to Kotlin for experienced Java programmers."
https://in.udacity.com/course/artificial-intelligence-for-robotics--cs373,Front-End Interview Prep,NA,"Learn how to program all the major systems of a robotic car from the leader of Google and Stanford's autonomous driving teams. This class will teach you basic methods in Artificial Intelligence, including: probabilistic inference, planning and search, localization, tracking and control, all with a focus on robotics. Extensive programming examples and assignments will apply these methods in the context of building self-driving cars."
https://in.udacity.com/course/introduction-to-operating-systems--ud923,Front-End Interview Prep,NA,"Introduction to Operating Systems is a graduate-level introductory course in operating systems. This course teaches the basic operating system abstractions, mechanisms, and their implementations. The core of the course contains concurrent programming (threads and synchronization), inter process communication, and an introduction to distributed operating systems. The course is split into four sections: (1) Introduction, (2) Process and Thread Management, (3) Resource Management and Communication, and (4) Distributed Systems."
https://in.udacity.com/course/networking-for-web-developers--ud256,Machine Learning for Trading,NA,How does the Web work? Under the hood of HTTP there's a whole stack of networking protocols.
https://in.udacity.com/course/full-stack-foundations--ud088,Intro to Algorithms,NA,In this course you will learn the fundamentals of back-end web development! You will create your own web application that queries a database for items on restaurant menus and then dynamically generates complete menus in the form of web pages and API endpoints.
https://in.udacity.com/course/intro-to-ios-app-development-with-swift--ud585,Android Basics: Data Storage,NA,"In this course we will build an iPhone app that records a conversation between you and a friend, and then makes your voices sound like a Chipmunk or Darth Vader."
https://in.udacity.com/course/data-structures-and-algorithms-in-python--ud513,UX Design for Mobile Developers,NA,"Technical interviews follow a pattern. If you know the pattern, you’ll be a step ahead of the competition. This course will introduce you to common data structures and algorithms in Python. You'll review frequently-asked technical interview questions and learn how to structure your responses."
https://in.udacity.com/course/swift-for-beginners--ud1022,Intro to Inferential Statistics,NA,"In this course, you’ll begin learning Swift, Apple's programming language for building iOS applications. You'll start with fundamentals and work your way towards understanding all the core principles necessary to get started creating your first app. At the end of the course, you'll complete a problem set of exercises designed to challenge your understanding of Swift and give you the opportunity to apply what you've learned."
https://in.udacity.com/course/object-oriented-javascript--ud015,Android Basics: Networking,NA,"Have you been dabbling with JavaScript but find your files keep turning into a mess of spaghetti code? Do you find yourself copying and pasting lines of code over and over throughout your application? Surely there’s a better way, right?"
https://in.udacity.com/course/intro-to-progressive-web-apps--ud811,Object Oriented Programming in Java,NA,"In this course you’ll get started working on your very first Progressive Web App (PWA) - a web app that can take advantage of many of the features native applications have enjoyed. You’ll also get more experience in creating a web app that works offline using Service Workers. Finally, you’ll make your app installable to the user’s home screen with the Web App Manifest file."
https://in.udacity.com/course/linear-algebra-refresher-course--ud953,Kotlin Bootcamp for Programmers,NA,This mini-course is intended for students who would like a refresher on the basics of linear algebra. The course attempts to provide the motivation for "why" linear algebra is important in addition to "what" linear algebra is.
https://in.udacity.com/course/github-collaboration--ud456,Data Analysis with R,NA,"This course covers the essentials of working with remote repositories. You'll be able to connect to a remote repository, get changes from a remote repository, and send changes to a remote repository. You'll also learn how to work collaboratively. You'll fork another developer's repository, make changes to it, and then send them a pull request. You'll also pick up some Git tips and tricks that make working with collaborators a breeze."
https://in.udacity.com/course/responsive-images--ud882,Product Design,NA,Did you know that images account for more than 60% of the bytes on average needed to load a web page?
https://in.udacity.com/course/designing-restful-apis--ud388,Computer Networking,NA,"API (Application Programming Interface) endpoints are the connections between your application and the rest of the developer community. In this course you will learn about writing secure, developer-friendly APIs that will make your back-end application thrive and keep your users happy."
https://in.udacity.com/course/intro-to-html-and-css--ud304,Firebase in a Weekend: Android,NA,"HTML and CSS are markup languages and the building blocks that make up the web. This course is called ""Not your Typical Intro"" because it does not follow the usual pattern of other courses and tutorials that you find on the Internet. Usually HTML and CSS are taught with a focus on language syntax. But knowing syntax alone does not enable you to create a webpage from a design. You need to know where to start and how to approach the task, in other words - you need to learn how to think like a front-end developer."
https://in.udacity.com/course/javascript-promises--ud898,Intro to Relational Databases,NA,"Learn how to handle asynchronous work with ease! In this course, you'll use Native JavaScript Promises to write asynchronous code that is easy to read, easy to write and easy to debug."
https://in.udacity.com/course/es6-javascript-improved--ud356,Reinforcement Learning,NA,"ECMAScript 6, or ES6, has brought about a ton of changes to the JavaScript programming language. In this course, you'll explore those changes to learn about the latest features and improvements to the language including new keywords, arrow functions, the Class syntax, Promises, and so much more. Discover how much cleaner and more concise your JavaScript code can be!"
https://in.udacity.com/course/javascript-design-patterns--ud989,Version Control with Git,NA,"This course covers methods for organizing your code, both conceptually and literally. You’ll learn the importance of separating concerns when writing JavaScript, gaining hands-on experience along the way. Separating concerns can be done with or without an organizational library or framework. We’ll learn how to separate concerns without one, and then we’ll explore an organizational library together. You’ll also learn strategies for exploring other libraries and frameworks on your own."
https://in.udacity.com/course/data-wrangling-with-mongodb--ud032,Website Performance Optimization,NA,"In this course, we will explore how to wrangle data from diverse sources and shape it to enable data-driven applications. Some data scientists spend the bulk of their time doing this!"
https://in.udacity.com/course/software-testing--cs258,Intro to Hadoop and MapReduce,NA,"When writing software, destruction can be just as valuable as creation. Learn how to catch bugs and break software as you discover different testing methods that will help you build better software."
https://in.udacity.com/course/material-design-for-android-developers--ud862,Kotlin for Android Developers,NA,"In this course, you'll learn how to apply the material design principles that define Android's visual language to your apps. We'll start by walking you through Android design fundamentals, then we'll show you how to apply this knowledge to transform design elements of sample apps. By the end of the course, you'll understand how to create and use material design elements, surfaces, transitions and graphics in your app, across multiple form factors."
https://in.udacity.com/course/intro-to-ajax--ud110,Artificial Intelligence for Robotics,NA,"In this course you will learn how to make asynchronous requests with JavaScript (using jQuery’s AJAX functionality), and gain a better understanding of what’s actually happening when you do so. You will also learn how to use data APIs so you can take advantage of freely accessible data in your applications, including photo results, news articles and up-to-date data about the world around us."
https://in.udacity.com/course/ab-testing--ud257,Introduction to Operating Systems,NA,"This course will cover the design and analysis of A/B tests, also known as split tests, which are online experiments used to test potential improvements to a website or mobile application. Two versions of the website are shown to different users - usually the existing website and a potential change. Then, the results are analyzed to determine whether the change is an improvement worth launching. This course will cover how to choose and characterize metrics to evaluate your experiments, how to design an experiment with enough statistical power, how to analyze the results and draw valid conclusions, and how to ensure that the the participants of your experiments are adequately protected."
https://in.udacity.com/course/intro-to-devops--ud611,Networking for Web Developers,NA,"The goal of this course is to take existing IT professionals, whether they come from software development or operations, and help them appreciate the challenges facing companies who are looking to embrace scalable software deployment as well as the architectures and thought processes they can use to address these challenges."
https://in.udacity.com/course/html5-canvas--ud292,Full Stack Foundations,NA,Canvas is an HTML5 element which gives you drawable surface inside your web pages you can control with JavaScript. Powerful enough to use for compositing images and even creating games.
https://in.udacity.com/course/software-architecture-design--ud821,Intro to iOS App Development with Swift,NA,"Software Architecture and Design teaches the principles and concepts involved in the analysis and design of large software systems. This course is split into four sections: (1) Introduction, (2) UML and Analysis, (3) Software Architecture, and (4) Software Design."
https://in.udacity.com/course/shell-workshop--ud206,Data Structures & Algorithms in Python,NA,"A quick, one-lesson introduction to the Unix-style command-line environment."
https://in.udacity.com/course/intro-to-backend--ud171,Swift for Beginners,NA,This course is a selection of material from our larger Web Development course.
https://in.udacity.com/course/software-development-process--ud805,Object-Oriented JavaScript,NA,This class is offered as CS6300 at Georgia Tech where it is a part of the Online Masters Degree (OMS). Taking this course here will not earn credit towards the OMS degree.
https://in.udacity.com/course/gradle-for-android-and-java--ud867,Intro to Progressive Web Apps,NA,"This course explores how the Gradle build tool compiles and packages apps, and you'll learn to customize the build process. The first half of this course is for anyone interested in Gradle, build automation, and continuous delivery of software."
https://in.udacity.com/course/problem-solving-with-advanced-analytics--ud976,Linear Algebra Refresher Course,NA,"The Problem Solving with Analytics course provides students with the foundational knowledge to use data analytics to create business insights.
You will learn:
"
https://in.udacity.com/course/introduction-to-virtual-reality--ud1012,GitHub & Collaboration,NA,"This course is designed for students who are new to virtual reality and want to learn about the principles of VR technology including optics, displays, stereopsis, tracking, and major hardware platforms. You don’t need any programming experience to get started."
https://in.udacity.com/course/data-visualization-and-d3js--ud507,Responsive Images,NA,"Learn the fundamentals of data visualization and practice communicating with data. This course covers how to apply design principles, human perception, color theory, and effective storytelling to data visualization. If you present data to others, aspire to be an analyst or data scientist, or if you’d like to become more technical with visualization tools, then you can grow your skills with this course."
https://in.udacity.com/course/intro-to-jquery--ud245,Designing RESTful APIs,NA,"jQuery is the most popular JavaScript library today, in use by over 60% of the top 100,000 most visited websites. This course will teach you how to use jQuery’s core features - DOM element selections, traversal and manipulation."
https://in.udacity.com/course/intro-to-psychology--ps001,Intro to HTML and CSS,NA,Introduction to Psychology is a journey through all of the major psychological concepts and principles. The knowledge gained from this course will allow students to critically evaluate psychological research and have a more in-depth understanding of human thought and behavior.
https://in.udacity.com/course/design-of-computer-programs--cs212,JavaScript Promises,NA,"Understanding how to approach programming problems and devise a solution is an essential skill for any Python developer. In this course, you’ll learn new concepts, patterns, and methods that will expand your coding abilities from programming expert, Peter Norvig."
https://in.udacity.com/course/intro-to-the-design-of-everyday-things--design101,ES6 - JavaScript Improved,NA,"Everyone designs. Design occurs anytime you deliberately change an environment to make things better. When you decide what seat to take in an auditorium you’re designing your experience. When you rearrange the furniture in a room or draft an email, you’re designing."
https://in.udacity.com/course/javascript-testing--ud549,JavaScript Design Patterns,NA,"In this course you'll learn how to write JavaScript applications with confidence, using the red-green-refactor workflow. You'll write comprehensive suites of tests that validate your application is functioning as intended at all times."
https://in.udacity.com/course/offline-web-applications--ud899,Data Wrangling with MongoDB,NA,"This course is focused squarely on user experience, and seeks to show developers how thinking offline-first is the best way to ensure that applications perform their best in all scenarios, not just ideal ones. You'll learn to recognize the differences between good, poor, intermittent, and missing connectivity for your users , and master how to make applications that navigate these conditions with ease."
https://in.udacity.com/course/writing-readmes--ud777,Software Testing,NA,"In this course, you’ll learn what documentation is and why it’s an important part of the development process. You'll learn how to build a well-structured README that you’ll be able to incorporate into your projects moving forward. By the end of this course, you will have written your very own README file using Markdown."
https://in.udacity.com/course/interactive-3d-graphics--cs291,Material Design for Android Developers,NA,"This class will teach you about the basic principles of 3D computer graphics: meshes, transforms, cameras, materials, lighting, and animation."
https://in.udacity.com/course/intro-to-information-security--ud459,Intro to AJAX,NA,"This course provides a one-semester overview of information security. It is designed to help students with
prior computer and programming knowledge — both undergraduate and graduate — understand this important
priority in society today. The technical content of the course gives a broad overview of essential concepts and
methods for providing and evaluating security in information processing systems (operating systems and
applications, networks, protocols, and so on)."
https://in.udacity.com/course/client-server-communication--ud897,A/B Testing,NA,"We use websites all the time, but how does clicking a link in your browser or typing in a URL in the address bar get you to a website? How does the server know what information you're looking for or how to send you that information once it's figured that out? How can you protect your users from attackers? Dig into this course and you'll be able to answer these questions!"
https://in.udacity.com/course/configuring-linux-web-servers--ud299,Intro to DevOps,NA,In this course you'll learn the basic Linux fundamentals every web developer needs to know to share their web applications with the world! You'll get a basic Python WSGI application up and running within a Vagrant virtual machine that queries data from a PostgreSQL database.
https://in.udacity.com/course/authentication-authorization-oauth--ud330,HTML5 Canvas,NA,"As a Python programmer, leveraging Flask allows you to quickly and easily build your own web applications. But before you share your apps on the Internet you should protect your users' data, ensuring information stored on your site is safe from unwanted manipulation. You could implement web security and permissions on your own, but relying on trusted providers is a faster, safer, and easier way to allow users to login to your application - without having to create and maintain another account, profile, and password."
https://in.udacity.com/course/statistics--st095,Software Architecture & Design,NA,"NOTE: This course has been divided into two courses: Descriptive and Inferential Statistics. If you are new to statistics, we recommend taking these courses instead."
https://in.udacity.com/course/browser-rendering-optimization--ud860,Shell Workshop,NA,Performance matters to users. Web developers need to build apps that react quickly and render smoothly.
https://in.udacity.com/course/programming-languages--cs262,Intro to Backend,NA,"This class will give you an introduction to the fundamentals of programming languages. Key concepts include how to specify and process valid strings, sentences and program structures."
https://in.udacity.com/course/applied-cryptography--cs387,Software Development Process,NA,"Cryptography is present in everyday life, from paying with a credit card to using the telephone. Learn all about making and breaking puzzles in computing."
https://in.udacity.com/course/time-series-forecasting--ud980,Gradle for Android and Java,NA,The Time Series Forecasting course provides students with the foundational knowledge to build and apply time series forecasting models in a variety of business contexts. You will learn:
https://in.udacity.com/course/get-your-startup-started--ud806,Problem Solving with Advanced Analytics,NA,"In this course, you’ll learn how to pitch your business and secure the funding you’ll need to launch your new company. We’ll show you how to write clear, compelling, and targeted mission and vision statements, set quarterly and annual goals, and find mentors, co-founders, and contractors to provide help along the way. This will help you establish a strong foundation for your business and confidently pursue viable funding models, including bootstrapping, crowdsourcing, accelerators, incubators, and more. As the culmination of all of your hard work, you'll complete the course by developing your own unique pitch deck that you can use to secure investment, and launch your business."
https://in.udacity.com/course/http-web-servers--ud303,Introduction to Virtual Reality,NA,"This course is intended for budding full-stack web developers to master the basics of HTTP, the protocol that underlies all web technology."
https://in.udacity.com/course/advanced-operating-systems--ud189,Data Visualization and D3.js,NA,"In this course, we will see all the advances that have led to the state-of-the-art operating system that we know today, covering variety of platforms -- cell phones, multi-core, parallel systems, distributed systems, and cloud computing."
https://in.udacity.com/course/database-systems-concepts-design--ud150,Intro to jQuery,NA,This course presents an example of applying a database application development methodology to a major real-world project.
https://in.udacity.com/course/data-analysis-and-visualization--ud404,Intro to Psychology,NA,"Data and visual analytics is an emerging field concerned with analyzing, modeling, and visualizing complex high dimensional data."
https://in.udacity.com/course/android-performance--ud825,Design of Computer Programs,NA,"If you’ve ever hit performance issues that affect your app’s usability, this course will teach you how to identify and diagnose your performance problems. By the end of this course, you’ll be able to perform exploratory tests, run profiling tools, use outputs to navigate to problematic code, and design a plan of attack to mitigate poor performance. You’ll also gain a higher level of understanding about how program code and the Android platform interact, which will help you optimize for performance in the future."
https://in.udacity.com/course/computability-complexity-algorithms--ud061,Intro to the Design of Everyday Things,NA,This class is offered as CS6505 at Georgia Tech where it is a part of the Online Masters Degree (OMS). Taking this course here will not earn credit towards the OMS degree.
https://in.udacity.com/course/intro-to-theoretical-computer-science--cs313,JavaScript Testing,NA,This class teaches you about basic concepts in theoretical computer science -- such as NP-completeness -- and what they imply for solving tough algorithmic problems.
https://in.udacity.com/course/google-maps-apis--ud864,Offline Web Applications,NA,"This course will introduce you to the content available through the Google Maps APIs. You’ll be walked through building a real-estate listings site step-by-step, using a beautifully styled Google map, data visualization, street view panoramas, and various nifty location related features such as calculating distance between locations, getting directions, and viewing places of interest data. You’ll also see other examples of Google Maps APIs in action, and understand how to put your new knowledge into practice by creating your own Project in the Google APIs Console."
https://in.udacity.com/course/high-performance-computing--ud281,Writing READMEs,NA,"The goal of this course is to give you solid foundations for developing, analyzing, and implementing parallel and locality-efficient algorithms. This course focuses on theoretical underpinnings. To give a practical feeling for how algorithms map to and behave on real systems, we will supplement algorithmic theory with hands-on exercises on modern HPC systems, such as Cilk Plus or OpenMP on shared memory nodes, CUDA for graphics co-processors (GPUs), and MPI and PGAS models for distributed memory systems."
https://in.udacity.com/course/app-marketing--ud719,Interactive 3D Graphics,NA,"Without customers, your business does not exist. Marketing helps you understand your potential user and focus your product on their needs. This course will help you organize a strategy of identifying your perfect user, find ways to connect with them and what you’ll say when you find them. This covers research, planning, execution and most importantly how to grow your user base."
https://in.udacity.com/course/embedded-systems--ud169,Intro to Information Security,NA,"In the 21st century, embedded systems are the systems of future with cellular phones, smart-phones, tablets becoming the dominant platforms for computing and communication. The ubiquity of information and the associated need for the computation that accompanies it is driving this revolution only to be accelerated by the new paradigms such as the Internet-of-Things (IoT). These platforms are clearly very different in terms of their processing requirements which are very unique: real-time needs, high performance but at low energy, compact-code and data segments, and most importantly ever changing software stack. Such unique requirements have led to a complete redesign and reinvention of the both hardware and the software stack from ground up, for example, brand new processors such as ARM, DSPs, network processors were invented all the way up to new virtual machines such as Dalvik, new operating systems such as Android and new programming models and compiler optimizations."
https://in.udacity.com/course/high-performance-computer-architecture--ud007,Client-Server Communication,NA,This class is offered as CS6290 at Georgia Tech where it is a part of the Online Masters Degree (OMS). Taking this course here will not earn credit towards the OMS degree.
https://in.udacity.com/course/network-security--ud199,Configuring Linux Web Servers,NA,The summary for this course comes from the course web site at Georgia Tech. Note that watching this course on Udacity does not count for Georgia Tech credit unless you are enrolled in the Georgia Tech OMSCS program.
https://in.udacity.com/course/how-to-make-an-ios-app--ud607,Authentication & Authorization: OAuth,NA,"Do you have some experience building apps for the iPhone or iPad and want to build an app from the ground up, but don't know where to begin? Look no further! In this course, you'll learn the process of building an iOS app, from brainstorming ideas to publishing on the App Store."
https://in.udacity.com/course/swift-for-developers--ud1025,Statistics,NA,"This course offers a quick practical introduction to Swift basics, including types, variables, constants, and functions. It combines syntax exercises with hands-on iOS development in Xcode. By the end of the course students will build their first iOS app, an app that creates and displays song lyrics customized to user input."
https://in.udacity.com/course/intro-to-physics--ph100,Browser Rendering Optimization,NA,"Study physics abroad in Europe -- virtually! Learn the basics of physics on location in Italy, the Netherlands and the UK, by answering some of the discipline's major questions from over the last 2000 years."
https://in.udacity.com/course/artificial-intelligence--ud954,Programming Languages,NA,"Learn about the fundamentals of Artificial Intelligence in this introductory graduate-level course. It provides a survey of various topics in the field along with in-depth discussion of foundational concepts such as classical search, probability, machine learning, logic and planning."
https://in.udacity.com/course/object-oriented-javascript--ud711,Applied Cryptography,NA,"This course is designed to teach web developers how to utilize the various object-oriented programming features within JavaScript. Object-oriented programming allows developers to build applications with reusable and maintainable blocks of code, which leads to efficiency and simplified software design."
https://in.udacity.com/course/machine-learning-unsupervised-learning--ud741,Time Series Forecasting,NA,This is the second course in the 3-course Machine Learning Series and is offered at Georgia Tech as CS7641. Taking this class here does not earn Georgia Tech credit.
https://in.udacity.com/course/creating-an-analytical-dataset--ud977,Get Your Startup Started,NA,"The Creating an Analytical Dataset course provides students with foundational knowledge to input, clean, blend, and format data in preparation for analysis. You will learn:
"
https://in.udacity.com/course/asynchronous-javascript-requests--ud109,HTTP & Web Servers,NA,"This course covers everything a developer needs to know to asynchronously send and receive data in their web applications. You'll dive into how asynchronous requests work by using the XHR object to create and send asynchronous requests for image and news article data. Then, you'll see how you can perform async requests more easily using third-party libraries and APIs like jQuery's Ajax and the Fetch API."
https://in.udacity.com/course/localization-essentials--ud610,Advanced Operating Systems,NA,"Localization is the art of adapting a product linguistically and culturally for international users. Although the industry has been around since the 1980s, it has become increasingly important over the past few years as more and more users are getting online and the vast majority of these users are non-English speakers."
https://in.udacity.com/course/rapid-prototyping--ud723,Database Systems Concepts & Design,NA,"Prototyping allows you to spend ten minutes — instead of ten hours — finding an amazing design for your product. This course will guide you through the iterative process of prototyping an app and conducting user research. You will start by making a low fidelity paper prototype, conducting research with users, and using that research to inform your next iteration. Together with InVision we’ll guide you through creating interactive prototypes. This means you don’t have to code an app before putting it in front of users! Along the way, you’ll learn how and where prototyping fits into your app design process and how you can use prototyping to become a better entrepreneur."
https://in.udacity.com/course/model-building-and-validation--ud919,Data Analysis and Visualization,NA,"This course will teach you how to start from scratch in answering questions about the real world using data. Machine learning happens to be a small part of this process. The model building process involves setting up ways of collecting data, understanding and paying attention to what is important in the data to answer the questions you are asking, finding a statistical, mathematical or a simulation model to gain understanding and make predictions."
https://in.udacity.com/course/javascript-and-the-dom--ud117,Android Performance,NA,"JavaScript is an extremely powerful programming language. One place where its power truly shines is using it to control a web page. Through this course, you'll learn about the Document Object Model (DOM), how it's created, and what capabilities it provides. Then you'll use JavaScript and the DOM to add, delete, or alter page content; control page styling, and respond to user actions."
https://in.udacity.com/course/compilers-theory-and-practice--ud168,"Computability, Complexity & Algorithms",NA,The objective of this course is to learn the theory and practice behind building automatic translators (compilers) for higher level programming languages and to engineer and build key phases of a compiler in Java or C++ for a small language.
https://in.udacity.com/course/software-debugging--cs259,Intro to Theoretical Computer Science,NA,"In this class you will learn how to debug programs systematically, how to automate the debugging process and build several automated debugging tools in Python."
https://in.udacity.com/course/ab-testing--ud979,Google Maps APIs,NA,The A/B Testing course provides students with the foundational knowledge to design and analyze A/B tests to create business insights and support decision making. You will learn:
https://in.udacity.com/course/uikit-fundamentals--ud788,High Performance Computing,NA,"In this course, you will build a series of simple apps to become more comfortable with the UIKit framework and master its most widely used components. This framework constitutes the building blocks of the user interface for all iOS apps, and is crucial for any iOS Developer to be intimately familiar with."
https://in.udacity.com/course/vr-software-development--ud1014,App Marketing,NA,"This course is designed to teach you how to make your VR experience more dynamic and responsive to your users. You will be exposed to C# programming and be using it in the Unity interface. Upon completing this course, you will have learned basic programming constructs such as methods, loops, and variables. You will also be able to use events and know how to apply them in a VR environment."
https://in.udacity.com/course/differential-equations-in-action--cs222,Embedded Systems,NA,"In this course, you'll hone your problem-solving skills through learning to find numerical solutions to systems of differential equations. You'll write code in Python to fight forest fires, rescue the Apollo 13 astronauts, stop the spread of epidemics, and resolve other real-world dilemmas."
https://in.udacity.com/course/vr-scenes-and-objects--ud1013,High Performance Computer Architecture,NA,"In this course, you’ll learn the the fundamentals of using the Unity Game Engine to build beautiful and performant VR scenes. Starting from basic game objects, you will learn about transforms and materials, so that you can position objects and make them look realistic. Next, you will experiment with animations and cameras in order to make our scenes more engaging in VR. And finally, you will add some complex lighting to your scene to really make your experience really stand out."
https://in.udacity.com/course/learn-backbonejs--ud990,Network Security,NA,"This course is a collection of resources designed to introduce you to Backbone, a common organizational library for front-end web applications."
https://in.udacity.com/course/core-ml--ud1038,How to Make an iOS App,NA,"In this short course, we'll show you how to incorporate Apple's Core ML framework into your app. You'll also get a quick overview of machine learning fundamentals, and exposure to real-world examples of companies using machine learning technology in their iOS apps."
https://in.udacity.com/course/how-to-install-android-studio--ud808,Swift for Developers,NA,"This is a short tutorial that walks you through installing Android Studio on a Windows or Mac machine, beginning with downloading the Java SDK. You will also learn how to set up a new project using the Android Studio Project Wizard."
https://in.udacity.com/course/auto-layout--ud1026,Intro to Physics,NA,"With this course, you will learn about AutoLayout and how to use stack views and constraints to create pixel-perfect UIs."
https://in.udacity.com/course/tales-from-the-genome--bio110,Artificial Intelligence,NA,"This course is a journey into the biology of the human genome and will highlight the scientific, social, and personal perspectives of people living with a variety of traits."
https://in.udacity.com/course/mobile-design-and-usability-for-ios--ud1034,Object-Oriented JavaScript,NA,"Featuring Facebook's experts in User Research and Product Design, this course walks you through the steps to design a new mobile product that puts users first. You'll learn how to use data collected from users to guide prototyping, and conduct user testing with a production app to guide a future redesign."
https://in.udacity.com/course/deploying-a-hadoop-cluster--ud1000,Machine Learning: Unsupervised Learning,NA,"Learn how to tackle big data problems with your own Hadoop clusters! In this course, you’ll deploy Hadoop clusters in the cloud and use them to gain insights from large datasets."
https://in.udacity.com/course/firebase-in-a-weekend-by-google-ios--ud0351,Creating an Analytical Dataset,NA,"In this course, you’ll learn how to use Firebase. Firebase is app development platform that provides developers a variety of tools and a scalable infrastructure to build high quality apps."
https://in.udacity.com/course/server-side-swift--ud1031,Asynchronous JavaScript Requests,NA,"In this course, built in collaboration with IBM and Hashicorp, you'll learn how to build server-side Swift applications that run on Linux and in the cloud, including how to use Swift to build a microservices backend. This course covers the best practices for constructing and deploying server-side Swift using industry-proven tools like Docker and Terraform."
https://in.udacity.com/course/passwordless-login-solutions-for-ios--ud1028,Localization Essentials,NA,"For an app developer, providing a seamless user experience is critical for building engagement and growing a user base. Passwordless login solutions provide your users with a simple, secure, and positive first experience."
https://in.udacity.com/course/health-informatics-in-the-cloud--ud809,Rapid Prototyping,NA,This class is offered as CS6440 at Georgia Tech where it is a part of the Online Masters Degree (OMS). Taking this course here will not earn credit towards the OMS degree.
https://in.udacity.com/course/intro-to-point-click-app-development--ud162,Model Building and Validation,NA,"This class teaches you how to build powerful web and mobile apps and host them in the cloud, without writing a line of code."
https://in.udacity.com/course/intro-to-programming--ud000,JavaScript and the DOM,NA,"If you have zero programming knowledge, completing this Nanodegree will give you the basic understanding and skills you need to get started in the world of programming."
https://in.udacity.com/course/machine-learning-interview-prep--ud1001,Compilers: Theory and Practice,NA,"In this course, you’ll learn exactly what to expect during a machine learning interview. You’ll cover all the common questions and technical strategies, and review a range of important topics, from machine learning algorithms to image categorization. You’ll also learn best practices for data structure questions and whiteboard problems, and at the end of the course, you’ll get unlimited access to mock interviews on Pramp. Complete this course and hone your interview skills today!"
https://in.udacity.com/course/eigenvectors-and-eigenvalues--ud104,Software Debugging,NA,One of the most interesting topics to visualize in Linear Algebra are Eigenvectors and Eigenvalues. Here you will learn how to easily calculate them and how they are applicable and particularly interesting when it comes to machine learning implementations.
https://in.udacity.com/course/introduction-to-cybersecurity--ud1337,A/B Testing for Business Analysts,NA,"Explore the fundamental building blocks of cybersecurity. Learn how networks handle routing, DNS, load-balancing, and more. Learn the Linux operating system, and review programming and APIs. Start building cloud infrastructure."
https://in.udacity.com/course/deep-learning-pytorch--ud188,UIKit Fundamentals,NA,"In this course, you’ll learn the basics of deep learning, and build your own deep neural networks using PyTorch. You’ll get practical experience with PyTorch through coding exercises and projects implementing state-of-the-art AI applications such as style transfer and text generation."
https://in.udacity.com/course/dynamic-web-applications-with-sinatra--ud268,VR Software Development,NA,"Learn how to build web applications with Sinatra, an elegant and approachable web development micro-framework for Ruby."
https://in.udacity.com/course/android-wear-development--ud875A,Differential Equations in Action,NA,This course is deprecated.
https://in.udacity.com/course/android-tv-and-google-cast-development--ud875B,VR Scenes and Objects,NA,This course is deprecated.
https://in.udacity.com/course/android-auto-development--ud875C,Learn Backbone.js,NA,"Reach your users while they're out and about by extending your Media or Messaging app to Android Auto! As you'll learn in this course, making your app available in the car is as easy as extending your existing code. This course explains how to get started and then covers Media and Messaging apps in detail."
https://in.udacity.com/course/learn-swift-programming-syntax--ud902,Core ML: Machine Learning for iOS,NA,"Swift is a language created by Apple specifically for iOS and OS X development. It’s fast, concise, and comes with tools which make it easier than ever to visualize one's code."
https://in.udacity.com/course/mobile-design-and-usability-for-android--ud358,How to Install Android Studio,NA,"Featuring Facebook's experts in User Research and Product Design, this course walks you through the steps to design a new mobile product that puts users first. You'll learn how to use data collected from users to guide prototyping, and conduct user testing with a production app to guide a future redesign."
https://in.udacity.com/course/passwordless-login-solutions-for-android--ud357,AutoLayout,NA,"For an app developer, providing a seamless user experience is critical for building engagement and growing a user base. Passwordless login solutions provide your users with a simple, secure, and positive first experience."
https://in.udacity.com/course/2d-game-development-with-libgdx--ud405,Tales from the Genome,NA,"This course explores how to use LibGDX to build 2D games that run anywhere, from web browsers to mobile devices. We start with simple drawings, and then turn to simple animations, physics, and user input handling. Finally, we create a full game, called Icicles, where icicles rain down from the top of the screen, and the player must dodge them using the arrow keys or by tilting their phone."
https://in.udacity.com/course/big-data-analytics-in-healthcare--ud758,Mobile Design and Usability for iOS,NA,"Data science plays an important role in many industries. In facing massive amount of heterogeneous data, scalable machine learning and data mining algorithms and systems become extremely important for data scientists. The growth of volume, complexity and speed in data drives the need for scalable data analytic algorithms and systems. In this course, we study such algorithms and systems in the context of healthcare applications."
https://in.udacity.com/course/ios-networking-with-swift--ud421,Deploying a Hadoop Cluster,NA,"In this course, you’ll learn how to incorporate networking into your apps, so they can access data from around the world. You’ll learn how to harness the power of APIs to display images and retrieve movie data. At the end of the course, you’ll build the ""On the Map"" app which allows you to share interesting links, projects, or other information with fellow Udacity students."
https://in.udacity.com/course/building-high-conversion-web-forms--ud890,Firebase in a Weekend: iOS,NA,"Any meaningful experience on the web has a form. Whether it's a form made of text boxes, toggles, buttons, checkboxes, or touchable widgets, web developers need to be purposeful about forms to make users happy and increase conversions."
https://in.udacity.com/course/developing-android-apps-with-kotlin--ud9012,Server-Side Swift,NA,"Learn to architect and develop Android apps in the Kotlin programming language using industry-proven tools and libraries. With these techniques you'll create apps in less time, writing less code, and with fewer errors."
https://in.udacity.com/course/classification-models--ud978,Passwordless Login Solutions for iOS,NA,"The Classification Models course provides students with the foundational knowledge to use classification models to create business insights. You will learn:
"
https://in.udacity.com/course/firebase-analytics-android--ud354,Health Informatics in the Cloud,NA,"In this course, you’ll learn how to grow an app's user base using Firebase Analytics, a free and unlimited analytics solution. You'll be able to learn who your users are and how they interact with your app. You can then use this information to make informed decisions to improve your app, such as how difficult to make a level in a game, where to place an advertisement, or what products to stock."
https://in.udacity.com/course/knowledge-based-ai-cognitive-systems--ud409,Intro to Point & Click App Development,NA,This class is offered as CS7637 at Georgia Tech where it is a part of the Online Masters Degree (OMS). Taking this course here will not earn credit towards the OMS degree.
https://in.udacity.com/course/computational-photography--ud955,Intro to Programming,NA,"This class explores how computation impacts the entire workflow of photography, which is traditionally aimed at capturing light from a 3D scene to form a 2D image. A detailed study of the perceptual, technical and computational aspects of forming pictures, and more precisely the capture and depiction of reality on a (mostly 2D) medium of images is undertaken over the entire term. The scientific, perceptual, and artistic principles behind image-making will be emphasized, especially as impacted and changed by computation."
https://in.udacity.com/course/real-time-analytics-with-apache-storm--ud381,Machine Learning Interview Preparation,NA,"The world is trending in real time! Learn from Twitter to scalably process tweets, or any big data stream, in real-time to drive d3 visualizations using Apache Storm, the ""Hadoop of Real Time."" Storm is free, open source, and fun to use! Learn from Karthik Ramasamy, Technical Lead of Storm@Twitter, about the distributed, fault-tolerant, and flexible technology used to power Twitter’s real-time data flow pipeline. Twitter open sourced Storm in 2011, and it graduated to a top-level Apache project in September, 2014."
https://in.udacity.com/course/segmentation-and-clustering--ud981,Eigenvectors and Eigenvalues,NA,The Segmentation and Clustering course provides students with the foundational knowledge to build and apply clustering models to develop more sophisticated segmentation in business contexts. You will learn:
https://in.udacity.com/course/human-computer-interaction--ud400,Introduction to Cybersecurity,NA,"This course is an introductory course on human-computer interaction, covering the principles, techniques, and open areas of development in HCI."
https://in.udacity.com/course/app-monetization--ud518,Intro to Deep Learning with PyTorch,NA,"There is no higher form of user validation than having customers support your product with their wallets. However, the path to a profitable business is not necessarily an easy one. This course blends instruction with real life examples to help you effectively develop, implement, and measure your monetization strategy, iterating on the model as appropriate."
https://in.udacity.com/course/software-analysis-testing--ud333,Dynamic Web Applications with Sinatra,NA,"This course covers the theory and practice of software analysis, which lies at the heart of many software development processes such as diagnosing bugs, testing, debugging, and more. It presents diverse techniques, each with their own strengths and limitations, for automating tasks such as testing, debugging, and finding bugs in complex real-world programs. These techniques include dataflow analysis, constraint-based analysis, type systems, model checking, symbolic execution, and more. The course teaches the principles underlying these techniques as well as imparts hands-on experience with using and implementing tools based on these techniques."
https://in.udacity.com/course/deploying-applications-with-heroku--ud272,Android Wear Development,NA,"This course will introduce you to web deployment platforms. You’ll begin by deploying your first web application to the Heroku platform, making it publicly available on the internet. In the process, you will learn about the underlying mechanics of web hosting. You will also learn how to configure your app, from accessing log output to configuring environment variables."
https://in.udacity.com/course/ios-persistence-and-core-data--ud325,Android TV and Google Cast Development,NA,"Persisting data is a core skill for any iOS developer. This course will teach you three techniques for storing data to your device’s hard drive: NSUserPreferences for small amounts of data, the Sandbox for files and Core Data when you have to play in the Big Leagues!"
https://in.udacity.com/course/educational-technology--ud915,Android Auto Development,NA,"This class is offered as CS6460 at Georgia Tech where it is a part of the Online Masters Degree (OMS). Credit for taking this course is conferred only on those that enroll in the degree. The text in the following sections comes from the syllabus for CS6460, located here."
https://in.udacity.com/course/xcode-debugging--ud774,Learn Swift Programming Syntax,NA,"""If debugging is the process of removing bugs, then programming must be the process of putting them in.""

Edsger W. Dijkstra"
https://in.udacity.com/course/the-mvc-pattern-in-ruby--ud270,Mobile Design and Usability for Android,NA,"Learn how to organize the code for your web apps, and why it's important. You’ll be using the MVC Design Pattern in the web application micro-framework, Sinatra."
https://in.udacity.com/course/cyber-physical-systems-security--ud279,Passwordless Login Solutions for Android,NA,This course provides an introduction to security issues relating to various cyber-physical systems including industrial control systems and those considered critical infrastructure systems.
https://in.udacity.com/course/grand-central-dispatch-gcd--ud576,2D Game Development with libGDX,NA,"Many times your apps need to run lengthy operations in the background, like downloading data, but you don't want these operations to interfere with your UI."
https://in.udacity.com/course/firebase-analytics-ios--ud353,Big Data Analytics in Healthcare,NA,"In this course, you’ll learn how to grow an app's user base using Firebase Analytics, a free and unlimited analytics solution. You'll be able to learn who your users are and how they interact with your app. You can then use this information to make informed decisions to improve your app, such as how difficult to make a level in a game, where to place an advertisement, or what products to stock."
https://in.udacity.com/course/how-to-make-a-platformer-using-libgdx--ud406,iOS Networking with Swift,NA,"'2D Game Development with libGDX' explored the basics of the libGDX game framework, from simple drawing to user input."
https://in.udacity.com/course/introduction-to-graduate-algorithms--ud401,Building High Conversion Web Forms,NA,This is a graduate-level course in the design and analysis of algorithms. We study techniques for the design of algorithms (such as dynamic programming) and algorithms for fundamental problems (such as fast Fourier transform or FFT).
https://in.udacity.com/course/engagement-monetization-mobile-games--ud407,Developing Android Apps with Kotlin,NA,"At first it may seem strange to consider monetization before a game is even completed, and many developers leave this as an afterthought. But monetization should be built into the fabric of a game from the beginning, because a clearly defined and understood monetization strategy can have tremendous impact on design decisions made during the development process. This kind of forward-thinking approach is especially important in today’s highly competitive game market, and keeping monetization strategy front-of-mind throughout can be the difference between product success and failure."
https://in.udacity.com/course/cyber-physical-systems-design-analysis--ud9876,Classification Models,NA,"Cyber-physical systems, such as automobiles, cars, and medical devices, comprise both a physical part and a software part, whereby the physical part of the system sends information about itself to the software part, and the software sends information, usually in the form of commands, to the physical part."
https://in.udacity.com/course/omscs-student-orientation--gt101,Firebase Analytics: Android,NA,This is an OMSCS orientation course for all Georgia Tech OMS students.
